sample_name,genome,sequencing_type,experiment,bsgenome,control_name,combined_sample_name,combined_output_sample,extension_length,normalize,output_sample,database_name,molng_requester,molng,fcid,index,nexus_barcodes,starting_file,starting_file_template_read1,fastq_copy_command_read1,starting_file_template_read2,fastq_copy_command_read2
mtsc_native_atac_1,mm10,paired,atac,BSgenome.Mmusculus.UCSC.mm10,,mtsc_native_atac_combined,mtsc_native_atac_combined,1000,,mtsc_native_atac_1, mtsc_native_atac_1,sk2214,3310,HF72MBGXK,AGGCAGAA-TATCCTCT,none,fastq/mm10/atac/mtsc_native_atac_1_1.fastq.gz,/n/analysis/Zeitlinger/sk2214/MOLNG-3310/HF72MBGXK/n_*_1_AGGCAGAA-TATCCTCT.fastq.gz,cat /n/analysis/Zeitlinger/sk2214/MOLNG-3310/HF72MBGXK/n_*_1_AGGCAGAA-TATCCTCT.fastq.gz > fastq/mm10/atac/mtsc_native_atac_1_1.fastq.gz,/n/analysis/Zeitlinger/sk2214/MOLNG-3310/HF72MBGXK/n_*_2_AGGCAGAA-TATCCTCT.fastq.gz,cat /n/analysis/Zeitlinger/sk2214/MOLNG-3310/HF72MBGXK/n_*_2_AGGCAGAA-TATCCTCT.fastq.gz > fastq/mm10/atac/mtsc_native_atac_1_2.fastq.gz
mtsc_native_atac_2,mm10,paired,atac,BSgenome.Mmusculus.UCSC.mm10,,mtsc_native_atac_combined,mtsc_native_atac_combined,1000,,mtsc_native_atac_2, mtsc_native_atac_2,sk2214,3310,HF72MBGXK,TAGGCATG-TAGATCGC,none,fastq/mm10/atac/mtsc_native_atac_2_1.fastq.gz,/n/analysis/Zeitlinger/sk2214/MOLNG-3310/HF72MBGXK/n_*_1_TAGGCATG-TAGATCGC.fastq.gz,cat /n/analysis/Zeitlinger/sk2214/MOLNG-3310/HF72MBGXK/n_*_1_TAGGCATG-TAGATCGC.fastq.gz > fastq/mm10/atac/mtsc_native_atac_2_1.fastq.gz,/n/analysis/Zeitlinger/sk2214/MOLNG-3310/HF72MBGXK/n_*_2_TAGGCATG-TAGATCGC.fastq.gz,cat /n/analysis/Zeitlinger/sk2214/MOLNG-3310/HF72MBGXK/n_*_2_TAGGCATG-TAGATCGC.fastq.gz > fastq/mm10/atac/mtsc_native_atac_2_2.fastq.gz
mtsc_native_atac_3,mm10,paired,atac,BSgenome.Mmusculus.UCSC.mm10,,mtsc_native_atac_combined,mtsc_native_atac_combined,1000,,mtsc_native_atac_3, mtsc_native_atac_3,sk2214,3310,HF72MBGXK,GGACTCCT-TAGATCGC,none,fastq/mm10/atac/mtsc_native_atac_3_1.fastq.gz,/n/analysis/Zeitlinger/sk2214/MOLNG-3310/HF72MBGXK/n_*_1_GGACTCCT-TAGATCGC.fastq.gz,cat /n/analysis/Zeitlinger/sk2214/MOLNG-3310/HF72MBGXK/n_*_1_GGACTCCT-TAGATCGC.fastq.gz > fastq/mm10/atac/mtsc_native_atac_3_1.fastq.gz,/n/analysis/Zeitlinger/sk2214/MOLNG-3310/HF72MBGXK/n_*_2_GGACTCCT-TAGATCGC.fastq.gz,cat /n/analysis/Zeitlinger/sk2214/MOLNG-3310/HF72MBGXK/n_*_2_GGACTCCT-TAGATCGC.fastq.gz > fastq/mm10/atac/mtsc_native_atac_3_2.fastq.gz
mtsc_cdx2_nexus_2,mm10,single,nexus,BSgenome.Mmusculus.UCSC.mm10,,mtsc_cdx2_nexus_combined,mtsc_cdx2_nexus_combined_positive,,,mtsc_cdx2_nexus_2_positive,mtsc_cdx2_nexus_h32_2,kd2200,2992,HHJH7BGXF,ACAGTG,"AGTC,CAGT,GTCA,TCAG",fastq/mm10/nexus/mtsc_cdx2_nexus_h32_2_1.fastq.gz,/n/analysis/Zeitlinger/kd2200/MOLNG-2992/HHJH7BGXF/n_*_1_ACAGTG.fastq.gz,cat /n/analysis/Zeitlinger/kd2200/MOLNG-2992/HHJH7BGXF/n_*_1_ACAGTG.fastq.gz > fastq/mm10/nexus/mtsc_cdx2_nexus_h32_2_1.fastq.gz,,
mtsc_cdx2_nexus_5,mm10,single,nexus,BSgenome.Mmusculus.UCSC.mm10,,mtsc_cdx2_nexus_combined,mtsc_cdx2_nexus_combined_positive,,,mtsc_cdx2_nexus_5_positive,mtsc_cdx2_nexus_h32_5,kd2200,3184,HCKKYBGXJ,CCGTCC,"AGTC,CAGT,GTCA,TCAG",fastq/mm10/nexus/mtsc_cdx2_nexus_h32_5_1.fastq.gz,/n/analysis/Zeitlinger/kd2200/MOLNG-3184/HCKKYBGXJ/n_*_1_CCGTCC.fastq.gz,cat /n/analysis/Zeitlinger/kd2200/MOLNG-3184/HCKKYBGXJ/n_*_1_CCGTCC.fastq.gz > fastq/mm10/nexus/mtsc_cdx2_nexus_h32_5_1.fastq.gz,,
mtsc_cdx2_nexus_6,mm10,single,nexus,BSgenome.Mmusculus.UCSC.mm10,,mtsc_cdx2_nexus_combined,mtsc_cdx2_nexus_combined_positive,,,mtsc_cdx2_nexus_6_positive,mtsc_cdx2_nexus_h32_6,kd2200,3331,HWF2TBGXK,CGATGT,"ACTG,CTGA,GACT,TGAC",fastq/mm10/nexus/mtsc_cdx2_nexus_h32_6_1.fastq.gz,/n/analysis/Zeitlinger/kd2200/MOLNG-3331/HWF2TBGXK/n_*_1_CGATGT.fastq.gz,cat /n/analysis/Zeitlinger/kd2200/MOLNG-3331/HWF2TBGXK/n_*_1_CGATGT.fastq.gz > fastq/mm10/nexus/mtsc_cdx2_nexus_h32_6_1.fastq.gz,,
mtsc_cdx2_nexus_7,mm10,single,nexus,BSgenome.Mmusculus.UCSC.mm10,,mtsc_cdx2_nexus_combined,mtsc_cdx2_nexus_combined_positive,,,mtsc_cdx2_nexus_7_positive,mtsc_cdx2_nexus_h32_7,kd2200,3331,HWF2TBGXK,TGACCA,"ACTG,CTGA,GACT,TGAC",fastq/mm10/nexus/mtsc_cdx2_nexus_h32_7_1.fastq.gz,/n/analysis/Zeitlinger/kd2200/MOLNG-3331/HWF2TBGXK/n_*_1_TGACCA.fastq.gz,cat /n/analysis/Zeitlinger/kd2200/MOLNG-3331/HWF2TBGXK/n_*_1_TGACCA.fastq.gz > fastq/mm10/nexus/mtsc_cdx2_nexus_h32_7_1.fastq.gz,,
mtsc_gata3_nexus_1,mm10,single,nexus,BSgenome.Mmusculus.UCSC.mm10,,mtsc_gata3_nexus_combined,mtsc_gata3_nexus_combined_positive,,,mtsc_gata3_nexus_1_positive,mtsc_gata3_nexus_h32_1,kd2200,2936,HTCMVBGXC,GGCTAC,"AGTC,CAGT,GTCA,TCAG",fastq/mm10/nexus/mtsc_gata3_nexus_h32_1_1.fastq.gz,/n/analysis/Zeitlinger/kd2200/MOLNG-2936/HTCMVBGXC/n_*_1_GGCTAC.fastq.gz,cat /n/analysis/Zeitlinger/kd2200/MOLNG-2936/HTCMVBGXC/n_*_1_GGCTAC.fastq.gz > fastq/mm10/nexus/mtsc_gata3_nexus_h32_1_1.fastq.gz,,
mtsc_gata3_nexus_2,mm10,single,nexus,BSgenome.Mmusculus.UCSC.mm10,,mtsc_gata3_nexus_combined,mtsc_gata3_nexus_combined_positive,,,mtsc_gata3_nexus_2_positive,mtsc_gata3_nexus_h32_2,kd2200,2992,HHJH7BGXF,TGACCA,"AGTC,CAGT,GTCA,TCAG",fastq/mm10/nexus/mtsc_gata3_nexus_h32_2_1.fastq.gz,/n/analysis/Zeitlinger/kd2200/MOLNG-2992/HHJH7BGXF/n_*_1_TGACCA.fastq.gz,cat /n/analysis/Zeitlinger/kd2200/MOLNG-2992/HHJH7BGXF/n_*_1_TGACCA.fastq.gz > fastq/mm10/nexus/mtsc_gata3_nexus_h32_2_1.fastq.gz,,
mtsc_gata3_nexus_3,mm10,single,nexus,BSgenome.Mmusculus.UCSC.mm10,,mtsc_gata3_nexus_combined,mtsc_gata3_nexus_combined_positive,,,mtsc_gata3_nexus_3_positive,mtsc_gata3_nexus_h32_4,kd2200,3036,H2JCLBGXH,TTAGGC,"AGTC,CAGT,GTCA,TCAG",fastq/mm10/nexus/mtsc_gata3_nexus_h32_3_1.fastq.gz,/n/analysis/Zeitlinger/kd2200/MOLNG-3036/H2JCLBGXH/n_*_1_ACTTGA.fastq.gz,cat /n/analysis/Zeitlinger/kd2200/MOLNG-3036/H2JCLBGXH/n_*_1_TTAGGC.fastq.gz > fastq/mm10/nexus/mtsc_gata3_nexus_h32_3_1.fastq.gz,,
mtsc_gata3_nexus_4,mm10,single,nexus,BSgenome.Mmusculus.UCSC.mm10,,mtsc_gata3_nexus_combined,mtsc_gata3_nexus_combined_positive,,,mtsc_gata3_nexus_4_positive,mtsc_gata3_nexus_h32_4,kd2200,3184,HG7FVBGXJ,ACTTGA,"AGTC,CAGT,GTCA,TCAG",fastq/mm10/nexus/mtsc_gata3_nexus_h32_4_1.fastq.gz,/n/analysis/Zeitlinger/kd2200/MOLNG-3184/HG7FVBGXJ/n_*_1_ACTTGA.fastq.gz,cat /n/analysis/Zeitlinger/kd2200/MOLNG-3184/HG7FVBGXJ/n_*_1_ACTTGA.fastq.gz > fastq/mm10/nexus/mtsc_gata3_nexus_h32_4_1.fastq.gz,,
mtsc_tead4_nexus_1,mm10,single,nexus,BSgenome.Mmusculus.UCSC.mm10,,mtsc_tead4_nexus_combined,mtsc_tead4_nexus_combined_positive,,,mtsc_tead4_nexus_1_positive,mtsc_tead4_nexus_h32_1,kd2200,2902,HTMNGBGXC,ATCACG,"AGTC,CAGT,GTCA,TCAG",fastq/mm10/nexus/mtsc_tead4_nexus_h32_1_1.fastq.gz,/n/analysis/Zeitlinger/kd2200/MOLNG-2902/HTMNGBGXC/n_*_1_ATCACG.fastq.gz,cat /n/analysis/Zeitlinger/kd2200/MOLNG-2902/HTMNGBGXC/n_*_1_ATCACG.fastq.gz > fastq/mm10/nexus/mtsc_tead4_nexus_h32_1_1.fastq.gz,,
mtsc_tead4_nexus_2,mm10,single,nexus,BSgenome.Mmusculus.UCSC.mm10,,mtsc_tead4_nexus_combined,mtsc_tead4_nexus_combined_positive,,,mtsc_tead4_nexus_2_positive,mtsc_tead4_nexus_h32_2,kd2200,2902,HTMNGBGXC,CGATGT,"AGTC,CAGT,GTCA,TCAG",fastq/mm10/nexus/mtsc_tead4_nexus_h32_2_1.fastq.gz,/n/analysis/Zeitlinger/kd2200/MOLNG-2902/HTMNGBGXC/n_*_1_CGATGT.fastq.gz,cat /n/analysis/Zeitlinger/kd2200/MOLNG-2902/HTMNGBGXC/n_*_1_CGATGT.fastq.gz > fastq/mm10/nexus/mtsc_tead4_nexus_h32_2_1.fastq.gz,,
mtsc_tead4_nexus_3,mm10,single,nexus,BSgenome.Mmusculus.UCSC.mm10,,mtsc_tead4_nexus_combined,mtsc_tead4_nexus_combined_positive,,,mtsc_tead4_nexus_3_positive,mtsc_tead4_nexus_h32_3,kd2200,2931,HTCVYBGXC,ATCACG,"AGTC,CAGT,GTCA,TCAG",fastq/mm10/nexus/mtsc_tead4_nexus_h32_3_1.fastq.gz,/n/analysis/Zeitlinger/kd2200/MOLNG-2931/HTCVYBGXC/n_*_1_ATCACG.fastq.gz,cat /n/analysis/Zeitlinger/kd2200/MOLNG-2931/HTCVYBGXC/n_*_1_ATCACG.fastq.gz > fastq/mm10/nexus/mtsc_tead4_nexus_h32_3_1.fastq.gz,,
mtsc_tfap2c_nexus_4,mm10,single,nexus,BSgenome.Mmusculus.UCSC.mm10,,mtsc_tfap2c_nexus_combined,mtsc_tfap2c_nexus_combined_positive,,,mtsc_tfap2c_nexus_4_positive,mtsc_tfap2c_nexus_h32_4,kd2200,2986,HCMKWBGXF,TTAGGC,"AGTC,CAGT,GTCA,TCAG",fastq/mm10/nexus/mtsc_tfap2c_nexus_h32_4_1.fastq.gz,/n/analysis/Zeitlinger/kd2200/MOLNG-2986/HCMKWBGXF/n_*_1_TTAGGC.fastq.gz,cat /n/analysis/Zeitlinger/kd2200/MOLNG-2986/HCMKWBGXF/n_*_1_TTAGGC.fastq.gz > fastq/mm10/nexus/mtsc_tfap2c_nexus_h32_4_1.fastq.gz,,
mtsc_tfap2c_nexus_5,mm10,single,nexus,BSgenome.Mmusculus.UCSC.mm10,,mtsc_tfap2c_nexus_combined,mtsc_tfap2c_nexus_combined_positive,,,mtsc_tfap2c_nexus_5_positive,mtsc_tfap2c_nexus_h32_5,kd2200,2992,HHJH7BGXF,ATCACG,"AGTC,CAGT,GTCA,TCAG",fastq/mm10/nexus/mtsc_tfap2c_nexus_h32_5_1.fastq.gz,/n/analysis/Zeitlinger/kd2200/MOLNG-2992/HHJH7BGXF/n_*_1_ATCACG.fastq.gz,cat /n/analysis/Zeitlinger/kd2200/MOLNG-2992/HHJH7BGXF/n_*_1_ATCACG.fastq.gz > fastq/mm10/nexus/mtsc_tfap2c_nexus_h32_5_1.fastq.gz,,
mtsc_tfap2c_nexus_6,mm10,single,nexus,BSgenome.Mmusculus.UCSC.mm10,,mtsc_tfap2c_nexus_combined,mtsc_tfap2c_nexus_combined_positive,,,mtsc_tfap2c_nexus_6_positive,mtsc_tfap2c_nexus_h32_6,kd2200,3184,HCKKYBGXJ,GTGGCC,"AGTC,CAGT,GTCA,TCAG",fastq/mm10/nexus/mtsc_tfap2c_nexus_h32_6_1.fastq.gz,/n/analysis/Zeitlinger/kd2200/MOLNG-3184/HCKKYBGXJ/n_*_1_GTGGCC.fastq.gz,cat /n/analysis/Zeitlinger/kd2200/MOLNG-3184/HCKKYBGXJ/n_*_1_GTGGCC.fastq.gz > fastq/mm10/nexus/mtsc_tfap2c_nexus_h32_6_1.fastq.gz,,
mtsc_tfap2c_nexus_7,mm10,single,nexus,BSgenome.Mmusculus.UCSC.mm10,,mtsc_tfap2c_nexus_combined,mtsc_tfap2c_nexus_combined_positive,,,mtsc_tfap2c_nexus_7_positive,mtsc_tfap2c_nexus_h32_7,kd2200,3331,HWF2TBGXK,GCCAAT,"ACTG,CTGA,GACT,TGAC",fastq/mm10/nexus/mtsc_tfap2c_nexus_h32_7_1.fastq.gz,/n/analysis/Zeitlinger/kd2200/MOLNG-3331/HWF2TBGXK/n_*_1_GCCAAT.fastq.gz,cat /n/analysis/Zeitlinger/kd2200/MOLNG-3331/HWF2TBGXK/n_*_1_GCCAAT.fastq.gz > fastq/mm10/nexus/mtsc_tfap2c_nexus_h32_7_1.fastq.gz,,
mtsc_yap1_nexus_1,mm10,single,nexus,BSgenome.Mmusculus.UCSC.mm10,,mtsc_yap1_nexus_combined,mtsc_yap1_nexus_combined_positive,,,mtsc_yap1_nexus_1_positive,mtsc_yap1_nexus_h32_1,kd2200,2902,HTMNGBGXC,TTAGGC,"AGTC,CAGT,GTCA,TCAG",fastq/mm10/nexus/mtsc_yap1_nexus_h32_1_1.fastq.gz,/n/analysis/Zeitlinger/kd2200/MOLNG-2902/HTMNGBGXC/n_*_1_TTAGGC.fastq.gz,cat /n/analysis/Zeitlinger/kd2200/MOLNG-2902/HTMNGBGXC/n_*_1_TTAGGC.fastq.gz > fastq/mm10/nexus/mtsc_yap1_nexus_h32_1_1.fastq.gz,,
mtsc_yap1_nexus_2,mm10,single,nexus,BSgenome.Mmusculus.UCSC.mm10,,mtsc_yap1_nexus_combined,mtsc_yap1_nexus_combined_positive,,,mtsc_yap1_nexus_2_positive,mtsc_yap1_nexus_h32_2,kd2200,2931,HTCVYBGXC,CGATGT,"AGTC,CAGT,GTCA,TCAG",fastq/mm10/nexus/mtsc_yap1_nexus_h32_2_1.fastq.gz,/n/analysis/Zeitlinger/kd2200/MOLNG-2931/HTCVYBGXC/n_*_1_CGATGT.fastq.gz,cat /n/analysis/Zeitlinger/kd2200/MOLNG-2931/HTCVYBGXC/n_*_1_CGATGT.fastq.gz > fastq/mm10/nexus/mtsc_yap1_nexus_h32_2_1.fastq.gz,,
mtsc_yap1_nexus_4,mm10,single,nexus,BSgenome.Mmusculus.UCSC.mm10,,mtsc_yap1_nexus_combined,mtsc_yap1_nexus_combined_positive,,,mtsc_yap1_nexus_4_positive,mtsc_yap1_nexus_h32_4,kd2200,2936,HTCMVBGXC,TAGCTT,"AGTC,CAGT,GTCA,TCAG",fastq/mm10/nexus/mtsc_yap1_nexus_h32_4_1.fastq.gz,/n/analysis/Zeitlinger/kd2200/MOLNG-2936/HTCMVBGXC/n_*_1_TAGCTT.fastq.gz,cat /n/analysis/Zeitlinger/kd2200/MOLNG-2936/HTCMVBGXC/n_*_1_TAGCTT.fastq.gz > fastq/mm10/nexus/mtsc_yap1_nexus_h32_4_1.fastq.gz,,
mtsc_yap1_nexus_5,mm10,single,nexus,BSgenome.Mmusculus.UCSC.mm10,,mtsc_yap1_nexus_combined,mtsc_yap1_nexus_combined_positive,,,mtsc_yap1_nexus_5_positive,mtsc_yap1_nexus_h32_5,kd2200,2992,HHJH7BGXF,TTAGGC,"AGTC,CAGT,GTCA,TCAG",fastq/mm10/nexus/mtsc_yap1_nexus_h32_5_1.fastq.gz,/n/analysis/Zeitlinger/kd2200/MOLNG-2992/HHJH7BGXF/n_*_1_TTAGGC.fastq.gz,cat /n/analysis/Zeitlinger/kd2200/MOLNG-2992/HHJH7BGXF/n_*_1_TTAGGC.fastq.gz > fastq/mm10/nexus/mtsc_yap1_nexus_h32_5_1.fastq.gz,,
mtsc_yap1_nexus_6,mm10,single,nexus,BSgenome.Mmusculus.UCSC.mm10,,mtsc_yap1_nexus_combined,mtsc_yap1_nexus_combined_positive,,,mtsc_yap1_nexus_6_positive,mtsc_yap1_nexus_h32_6,kd2200,3184,HG7FVBGXJ,CGATGT,"AGTC,CAGT,GTCA,TCAG",fastq/mm10/nexus/mtsc_yap1_nexus_h32_6_1.fastq.gz,/n/analysis/Zeitlinger/kd2200/MOLNG-3184/HG7FVBGXJ/n_*_1_CGATGT.fastq.gz,cat /n/analysis/Zeitlinger/kd2200/MOLNG-3184/HG7FVBGXJ/n_*_1_CGATGT.fastq.gz > fastq/mm10/nexus/mtsc_yap1_nexus_h32_6_1.fastq.gz,,
mtsc_polii_nexus_1,mm10,single,nexus,BSgenome.Mmusculus.UCSC.mm10,,mtsc_polii_nexus_combined,mtsc_polii_nexus_combined_positive,,,mtsc_polii_nexus_1_positive,mtsc_polii_nexus_h32_1,kd2200,2992,HHJH7BGXF,CGATGT,"AGTC,CAGT,GTCA,TCAG",fastq/mm10/nexus/mtsc_polii_nexus_h32_1_1.fastq.gz,/n/analysis/Zeitlinger/kd2200/MOLNG-2992/HHJH7BGXF/n_*_1_CGATGT.fastq.gz,cat /n/analysis/Zeitlinger/kd2200/MOLNG-2992/HHJH7BGXF/n_*_1_CGATGT.fastq.gz > fastq/mm10/nexus/mtsc_polii_nexus_h32_1_1.fastq.gz,,
mtsc_polii_nexus_3,mm10,single,nexus,BSgenome.Mmusculus.UCSC.mm10,,mtsc_polii_nexus_combined,mtsc_polii_nexus_combined_positive,,,mtsc_polii_nexus_3_positive,mtsc_polii_nexus_h32_3,kd2200,3184,HG7FVBGXJ,TGACCA,"AGTC,CAGT,GTCA,TCAG",fastq/mm10/nexus/mtsc_polii_nexus_h32_3_1.fastq.gz,/n/analysis/Zeitlinger/kd2200/MOLNG-3184/HG7FVBGXJ/n_*_1_TGACCA.fastq.gz,cat /n/analysis/Zeitlinger/kd2200/MOLNG-3184/HG7FVBGXJ/n_*_1_TGACCA.fastq.gz > fastq/mm10/nexus/mtsc_polii_nexus_h32_3_1.fastq.gz,,
mtsc_polii_nexus_4,mm10,single,nexus,BSgenome.Mmusculus.UCSC.mm10,,mtsc_polii_nexus_combined,mtsc_polii_nexus_combined_positive,,,mtsc_polii_nexus_4_positive,mtsc_polii_nexus_h32_4,kd2200,3184,HCKKYBGXJ,GTCCGC,"AGTC,CAGT,GTCA,TCAG",fastq/mm10/nexus/mtsc_polii_nexus_h32_4_1.fastq.gz,/n/analysis/Zeitlinger/kd2200/MOLNG-3184/HCKKYBGXJ/n_*_1_GTCCGC.fastq.gz,cat /n/analysis/Zeitlinger/kd2200/MOLNG-3184/HCKKYBGXJ/n_*_1_GTCCGC.fastq.gz > fastq/mm10/nexus/mtsc_polii_nexus_h32_4_1.fastq.gz,,
mtsc_patchcap_nexus_1,mm10,single,nexus,BSgenome.Mmusculus.UCSC.mm10,,mtsc_patchcap_nexus_combined,mtsc_patchcap_nexus_combined_positive,,,mtsc_patchcap_nexus_1_positive,mtsc_patchcap_nexus_h32_1,kd2200,3184,HCKKYBGXJ,TAGCTT,"AGTC,CAGT,GTCA,TCAG",fastq/mm10/nexus/mtsc_patchcap_nexus_h32_1_1.fastq.gz,/n/analysis/Zeitlinger/kd2200/MOLNG-3184/HCKKYBGXJ/n_*_1_TAGCTT.fastq.gz,cat /n/analysis/Zeitlinger/kd2200/MOLNG-3184/HCKKYBGXJ/n_*_1_TAGCTT.fastq.gz > fastq/mm10/nexus/mtsc_patchcap_nexus_h32_1_1.fastq.gz,,
mtsc_patchcap_nexus_2,mm10,single,nexus,BSgenome.Mmusculus.UCSC.mm10,,mtsc_patchcap_nexus_combined,mtsc_patchcap_nexus_combined_positive,,,mtsc_patchcap_nexus_2_positive,mtsc_patchcap_nexus_2,kd2200,3184,HG7FVBGXJ,CTTGTA,"AGTC,CAGT,GTCA,TCAG",fastq/mm10/nexus/mtsc_patchcap_nexus_2_1.fastq.gz,/n/analysis/Zeitlinger/kd2200/MOLNG-3184/HG7FVBGXJ/n_*_1_CTTGTA.fastq.gz,cat /n/analysis/Zeitlinger/kd2200/MOLNG-3184/HG7FVBGXJ/n_*_1_CTTGTA.fastq.gz > fastq/mm10/nexus/mtsc_patchcap_nexus_2_1.fastq.gz,,
mtsc_h3k27ac_seq_1,mm10,single,seq,BSgenome.Mmusculus.UCSC.mm10,mtsc_wce_seq_1,mtsc_h3k27ac_seq_combined,mtsc_h3k27ac_seq_combined,90,yes,mtsc_h3k27ac_seq_1,mtsc_h3k27ac_seq_h32_1,kd2200,3185,HHKNMAFX2,ACAGTG,none,fastq/mm10/seq/mtsc_h3k27ac_seq_h32_1_1.fastq.gz,/n/analysis/Zeitlinger/kd2200/MOLNG-3185/HHKNMAFX2/n_*_1_ACAGTG.fastq.gz,cat /n/analysis/Zeitlinger/kd2200/MOLNG-3185/HHKNMAFX2/n_*_1_ACAGTG.fastq.gz > fastq/mm10/seq/mtsc_h3k27ac_seq_h32_1_1.fastq.gz,,
mtsc_h3k27ac_seq_2,mm10,single,seq,BSgenome.Mmusculus.UCSC.mm10,mtsc_wce_seq_1,mtsc_h3k27ac_seq_combined,mtsc_h3k27ac_seq_combined,80,yes,mtsc_h3k27ac_seq_2,mtsc_h3k27ac_seq_h32_2,kd2200,3185,HHKNMAFX2,CAGATC,none,fastq/mm10/seq/mtsc_h3k27ac_seq_h32_2_1.fastq.gz,/n/analysis/Zeitlinger/kd2200/MOLNG-3185/HHKNMAFX2/n_*_1_CAGATC.fastq.gz,cat /n/analysis/Zeitlinger/kd2200/MOLNG-3185/HHKNMAFX2/n_*_1_CAGATC.fastq.gz > fastq/mm10/seq/mtsc_h3k27ac_seq_h32_2_1.fastq.gz,,
mtsc_h3k27ac_seq_3,mm10,single,seq,BSgenome.Mmusculus.UCSC.mm10,mtsc_wce_seq_1,mtsc_h3k27ac_seq_combined,mtsc_h3k27ac_seq_combined,153,yes,mtsc_h3k27ac_seq_3,mtsc_h3k27ac_seq_h32_3,sk2214,3312,HCKLYBGXJ,CGATGT,none,fastq/mm10/seq/mtsc_h3k27ac_seq_h32_3_1.fastq.gz,/n/analysis/Zeitlinger/sk2214/MOLNG-3312/HCKLYBGXJ/n_*_1_CGATGT.fastq.gz,cat /n/analysis/Zeitlinger/sk2214/MOLNG-3312/HCKLYBGXJ/n_*_1_CGATGT.fastq.gz > fastq/mm10/seq/mtsc_h3k27ac_seq_h32_3_1.fastq.gz,,
mtsc_wce_seq_1,mm10,single,seq,BSgenome.Mmusculus.UCSC.mm10,,mtsc_wce_seq_combined,mtsc_wce_seq_combined,208,,mtsc_wce_seq_1,mtsc_wce_seq_h32,kd2200,3185,HHKNMAFX2,TTAGGC,none,fastq/mm10/seq/mtsc_wce_seq_h32_1.fastq.gz,/n/analysis/Zeitlinger/kd2200/MOLNG-3185/HHKNMAFX2/n_*_1_TTAGGC.fastq.gz,cat /n/analysis/Zeitlinger/kd2200/MOLNG-3185/HHKNMAFX2/n_*_1_TTAGGC.fastq.gz > fastq/mm10/seq/mtsc_wce_seq_h32_1.fastq.gz,,
mesc_tead4_nexus_1,mm10,single,nexus,BSgenome.Mmusculus.UCSC.mm10,,mesc_tead4_nexus_combined,mesc_tead4_nexus_combined_positive,,,mesc_tead4_nexus_1_positive, mesc_tead4_nexus_1,sk2214,2515,HTNJVBGX7,GCCAAT,"ACTG,CTGA,GACT,TGAC",fastq/mm10/nexus/mesc_tead4_nexus_1_1.fastq.gz,/n/analysis/Zeitlinger/sk2214/MOLNG-2515/HTNJVBGX7/n_*_1_GCCAAT.fastq.gz,cat /n/analysis/Zeitlinger/sk2214/MOLNG-2515/HTNJVBGX7/mesc_tead4_nexus_1_S4_R1_001.fastq.gz > fastq/mm10/nexus/mesc_tead4_nexus_1_1.fastq.gz,,
mesc_tead4_nexus_2,mm10,single,nexus,BSgenome.Mmusculus.UCSC.mm10,,mesc_tead4_nexus_combined,mesc_tead4_nexus_combined_positive,,,mesc_tead4_nexus_2_positive, mesc_tead4_nexus_2,kd2200,2445,HGC2TBGX7,CTTGTA,"ACTG,CTGA,GACT,TGAC",fastq/mm10/nexus/mesc_tead4_nexus_2_1.fastq.gz,/n/analysis/Zeitlinger/kd2200/MOLNG-2445/HGC2TBGX7/n_*_1_CTTGTA.fastq.gz,cat /n/analysis/Zeitlinger/kd2200/MOLNG-2445/HGC2TBGX7/n_*_1_CTTGTA.fastq.gz > fastq/mm10/nexus/mesc_tead4_nexus_2_1.fastq.gz,,
mesc_tead4_nexus_3,mm10,single,nexus,BSgenome.Mmusculus.UCSC.mm10,,mesc_tead4_nexus_combined,mesc_tead4_nexus_combined_positive,,,mesc_tead4_nexus_3_positive, mesc_tead4_nexus_3,sk2214,2519,HGJGNBGX7,TAGCTT,"ACTG,CTGA,GACT,TGAC",fastq/mm10/nexus/mesc_tead4_nexus_3_1.fastq.gz,/n/analysis/Zeitlinger/sk2214/MOLNG-2519/HGJGNBGX7/n_*_1_TAGCTT.fastq.gz,cat /n/analysis/Zeitlinger/sk2214/MOLNG-2519/HGJGNBGX7/mesc_tead4_nexus_3_S1_R1_001.fastq.gz > fastq/mm10/nexus/mesc_tead4_nexus_3_1.fastq.gz,,
,,,,,,,,,,,,,,,,,,,,,
mtsc_h3k27ac_seq_4,mm10,single,seq,BSgenome.Mmusculus.UCSC.mm10,mtsc_wce_seq_2,mtsc_h3k27ac_seq_crispr_combined,mtsc_h3k27ac_seq_crispr_combined,153,yes,mtsc_h3k27ac_seq_3,mtsc_h3k27ac_seq_h32_3,kd2200,3312,HCKLYBGXJ,CGATGT,none,fastq/mm10/seq/mtsc_h3k27ac_seq_h32_3_1.fastq.gz,/n/analysis/Zeitlinger/sk2214/MOLNG-3312/HCKLYBGXJ/n_*_1_CGATGT.fastq.gz,cat /n/analysis/Zeitlinger/sk2214/MOLNG-3312/HCKLYBGXJ/n_*_1_CGATGT.fastq.gz > fastq/mm10/seq/mtsc_h3k27ac_seq_h32_3_1.fastq.gz,,
mtsc_h3k27ac_seq_3,mm10,single,seq,BSgenome.Mmusculus.UCSC.mm10,mtsc_wce_seq_1,mtsc_h3k27ac_seq_combined,mtsc_h3k27ac_seq_combined,153,yes,mtsc_h3k27ac_seq_3,mtsc_h3k27ac_seq_h32_3,kd2200,3312,HCKLYBGXJ,CGATGT,none,fastq/mm10/seq/mtsc_h3k27ac_seq_h32_3_1.fastq.gz,/n/analysis/Zeitlinger/sk2214/MOLNG-3312/HCKLYBGXJ/n_*_1_CGATGT.fastq.gz,cat /n/analysis/Zeitlinger/sk2214/MOLNG-3312/HCKLYBGXJ/n_*_1_CGATGT.fastq.gz > fastq/mm10/seq/mtsc_h3k27ac_seq_h32_3_1.fastq.gz,,
mtsc_wce_seq_2,mm10,single,seq,BSgenome.Mmusculus.UCSC.mm10,,mtsc_wce_seq_combined,mtsc_wce_seq_combined,208,,mtsc_wce_seq_1,mtsc_wce_seq_h32,kd2200,3185,HHKNMAFX2,TTAGGC,none,fastq/mm10/seq/mtsc_wce_seq_h32_1.fastq.gz,/n/analysis/Zeitlinger/kd2200/MOLNG-3185/HHKNMAFX2/n_*_1_TTAGGC.fastq.gz,cat /n/analysis/Zeitlinger/kd2200/MOLNG-3185/HHKNMAFX2/n_*_1_TTAGGC.fastq.gz > fastq/mm10/seq/mtsc_wce_seq_h32_1.fastq.gz,,
mtsc_wce_seq_1,mm10,single,seq,BSgenome.Mmusculus.UCSC.mm10,,mtsc_wce_seq_combined,mtsc_wce_seq_combined,208,,mtsc_wce_seq_1,mtsc_wce_seq_h32,kd2200,3185,HHKNMAFX2,TTAGGC,none,fastq/mm10/seq/mtsc_wce_seq_h32_1.fastq.gz,/n/analysis/Zeitlinger/kd2200/MOLNG-3185/HHKNMAFX2/n_*_1_TTAGGC.fastq.gz,cat /n/analysis/Zeitlinger/kd2200/MOLNG-3185/HHKNMAFX2/n_*_1_TTAGGC.fastq.gz > fastq/mm10/seq/mtsc_wce_seq_h32_1.fastq.gz,,