sample_name,annotation,genome,sequencing_type,experiment,bsgenome,control_name,combined_sample_name,combined_output_sample,extension_length,normalize,output_sample,database_name,molng_requester,molng,fcid,index,nexus_barcodes,starting_file,starting_file_template_read1,fastq_copy_command_read1,starting_file_template_read2,fastq_copy_command_read2
mtsc_ttseq_rna_1,Ens_102/STAR_101bp,mm10,paired,nascent_rna,BSgenome.Mmusculus.UCSC.mm10,,mtsc_ttseq_rna_combined,mtsc_ttseq_rna_combined_positive,,,mtsc_ttseq_rna_1_positive,mtsc_rna_4su_10min_biorup_1cyc_sample1,kd2200,3236,H5CKKBGXK,CAGATC,none,fastq/mm10/nascent_rna/mtsc_rna_4su_10min_biorup_1cyc_sample1_1.fastq.gz,/n/analysis/Zeitlinger/kd2200/MOLNG-3236/H5CKKBGXK/n_*_1_CAGATC.fastq.gz,cat /n/analysis/Zeitlinger/kd2200/MOLNG-3236/H5CKKBGXK/n_*_1_CAGATC.fastq.gz > fastq/mm10/nascent_rna/mtsc_rna_4su_10min_biorup_1cyc_sample1_1.fastq.gz,/n/analysis/Zeitlinger/kd2200/MOLNG-3236/H5CKKBGXK/n_*_2_CAGATC.fastq.gz,cat /n/analysis/Zeitlinger/kd2200/MOLNG-3236/H5CKKBGXK/n_*_2_CAGATC.fastq.gz > fastq/mm10/nascent_rna/mtsc_rna_4su_10min_biorup_1cyc_sample1_2.fastq.gz
mtsc_ttseq_rna_2,Ens_102/STAR_101bp,mm10,paired,nascent_rna,BSgenome.Mmusculus.UCSC.mm10,,mtsc_ttseq_rna_combined,mtsc_ttseq_rna_combined_positive,,,mtsc_ttseq_rna_2_positive,mtsc_rna_4su_10min_biorup_1cyc_sample2,kd2200,3236,H5CKKBGXK,GTGAAA,none,fastq/mm10/nascent_rna/mtsc_rna_4su_10min_biorup_1cyc_sample2_1.fastq.gz,/n/analysis/Zeitlinger/kd2200/MOLNG-3236/H5CKKBGXK/n_*_1_GTGAAA.fastq.gz,cat /n/analysis/Zeitlinger/kd2200/MOLNG-3236/H5CKKBGXK/n_*_1_GTGAAA.fastq.gz > fastq/mm10/nascent_rna/mtsc_rna_4su_10min_biorup_1cyc_sample2_1.fastq.gz,/n/analysis/Zeitlinger/kd2200/MOLNG-3236/H5CKKBGXK/n_*_2_GTGAAA.fastq.gz,cat /n/analysis/Zeitlinger/kd2200/MOLNG-3236/H5CKKBGXK/n_*_2_GTGAAA.fastq.gz > fastq/mm10/nascent_rna/mtsc_rna_4su_10min_biorup_1cyc_sample2_2.fastq.gz
mtsc_ttseq_rna_3,Ens_102/STAR_101bp,mm10,paired,nascent_rna,BSgenome.Mmusculus.UCSC.mm10,,mtsc_ttseq_rna_combined,mtsc_ttseq_rna_combined_positive,,,mtsc_ttseq_rna_3_positive,mtsc_rna_4su_15min_biorup_2cyc,kd2200,3236,H5CKKBGXK,CGATGT,none,fastq/mm10/nascent_rna/mtsc_rna_4su_15min_biorup_2cyc_1.fastq.gz,/n/analysis/Zeitlinger/kd2200/MOLNG-3236/H5CKKBGXK/n_*_1_CGATGT.fastq.gz,cat /n/analysis/Zeitlinger/kd2200/MOLNG-3236/H5CKKBGXK/n_*_1_CGATGT.fastq.gz > fastq/mm10/nascent_rna/mtsc_rna_4su_15min_biorup_2cyc_1.fastq.gz,/n/analysis/Zeitlinger/kd2200/MOLNG-3236/H5CKKBGXK/n_*_2_CGATGT.fastq.gz,cat /n/analysis/Zeitlinger/kd2200/MOLNG-3236/H5CKKBGXK/n_*_2_CGATGT.fastq.gz > fastq/mm10/nascent_rna/mtsc_rna_4su_15min_biorup_2cyc_2.fastq.gz
mtsc_wt_rnaseq_rna_1,Ens_102/STAR_101bp,mm10,single,rna,BSgenome.Mmusculus.UCSC.mm10,,mtsc_rnaseq_rna_combined,mtsc_wt_rnaseq_rna_combined,,,mtsc_wt_rnaseq_rna_1,mtsc_complete_wt,kd2200,3422,AAANK3FM5,CAGATC,none,fastq/mm10/rna_seq/mtsc_complete_wt_1.fastq.gz,/n/analysis/Zeitlinger/kd2200/MOLNG-3422/AAANK3FM5/n_*_1_CAGATC.fastq.gz,cat /n/analysis/Zeitlinger/kd2200/MOLNG-3422/AAANK3FM5/n_*_1_CAGATC.fastq.gz > fastq/mm10/rna_seq/mtsc_complete_wt_1.fastq.gz,,
mtsc_wt_rnaseq_rna_2,Ens_102/STAR_101bp,mm10,single,rna,BSgenome.Mmusculus.UCSC.mm10,,mtsc_rnaseq_rna_combined,mtsc_wt_rnaseq_rna_combined,,,mtsc_wt_rnaseq_rna_2,mtsc_complete_wt_rep2,kd2200,3443,AAAT23YM5,ATCACG,none,fastq/mm10/rna_seq/mtsc_complete_wt_rep2_1.fastq.gz,/n/analysis/Zeitlinger/kd2200/MOLNG-3443/AAAT23YM5/n_*_1_ATCACG.fastq.gz,cat /n/analysis/Zeitlinger/kd2200/MOLNG-3443/AAAT23YM5/n_*_1_ATCACG.fastq.gz > fastq/mm10/rna_seq/mtsc_complete_wt_rep2_1.fastq.gz,,
mtsc_wt_rnaseq_rna_3,Ens_102/STAR_101bp,mm10,single,rna,BSgenome.Mmusculus.UCSC.mm10,,mtsc_rnaseq_rna_combined,mtsc_wt_rnaseq_rna_combined,,,mtsc_wt_rnaseq_rna_3,mtsc_complete_wt_rep3,kd2200,3489,AAC377NM5,ATCACG,none,fastq/mm10/rna_seq/mtsc_complete_wt_rep3_1.fastq.gz,/n/analysis/Zeitlinger/kd2200/MOLNG-3489/AAC377NM5/n_*_1_ATCACG.fastq.gz,cat /n/analysis/Zeitlinger/kd2200/MOLNG-3489/AAC377NM5/n_*_1_ATCACG.fastq.gz > fastq/mm10/rna_seq/mtsc_complete_wt_rep3_1.fastq.gz,,
mtsc_rin3mut_rnaseq_rna_1,Ens_102/STAR_101bp,mm10,single,rna,BSgenome.Mmusculus.UCSC.mm10,,mtsc_rin3mut_rna_combined,mtsc_rin3mut_rna_combined,,,mtsc_rin3mut_rnaseq_rna_1,mtsc_rin3_G2_tftd_dis_homozy_del,kd2200,3422,AAANK3FM5,GCCAAT,none,fastq/mm10/rna_seq/mtsc_rin3_G2_tftd_dis_homozy_del.fastq.gz,/n/analysis/Zeitlinger/kd2200/MOLNG-3422/AAANK3FM5/n_*_1_GCCAAT.fastq.gz,cat  /n/analysis/Zeitlinger/kd2200/MOLNG-3422/AAANK3FM5/n_*_1_GCCAAT.fastq.gz > fastq/mm10/rna_seq/mtsc_rin3_G2_tftd_dis_homozy_del.fastq.gz,,
mtsc_rin3mut_rnaseq_rna_2,Ens_102/STAR_101bp,mm10,single,rna,BSgenome.Mmusculus.UCSC.mm10,,mtsc_rin3mut_rna_combined,mtsc_rin3mut_rna_combined,,,mtsc_rin3mut_rnaseq_rna_2,mtsc_rin3_G2_tftd_dis_homozy_del_rep2,kd2200,3443,AAAT23YM5,TGACCA,none,fastq/mm10/rna_seq/mtsc_rin3_G2_tftd_dis_homozy_del_rep2.fastq.gz,/n/analysis/Zeitlinger/kd2200/MOLNG-3443/AAAT23YM5/n_*_1_TGACCA.fastq.gz,cat  /n/analysis/Zeitlinger/kd2200/MOLNG-3443/AAAT23YM5/n_*_1_TGACCA.fastq.gz > fastq/mm10/rna_seq/mtsc_rin3_G2_tftd_dis_homozy_del_rep2.fastq.gz,,
mtsc_rin3mut_rnaseq_rna_3,Ens_102/STAR_101bp,mm10,single,rna,BSgenome.Mmusculus.UCSC.mm10,,mtsc_rin3mut_rna_combined,mtsc_rin3mut_rna_combined,,,mtsc_rin3mut_rnaseq_rna_3,mtsc_rin3_G2_tftd_dis_homozy_del_rep3,kd2200,3489,AAC377NM5,TGACCA,none,fastq/mm10/rna_seq/mtsc_rin3_G2_tftd_dis_homozy_del_rep3.fastq.gz,/n/analysis/Zeitlinger/kd2200/MOLNG-3489/AAC377NM5/n_*_1_TGACCA.fastq.gz,cat  /n/analysis/Zeitlinger/kd2200/MOLNG-3489/AAC377NM5/n_*_1_TGACCA.fastq.gz > fastq/mm10/rna_seq/mtsc_rin3_G2_tftd_dis_homozy_del_rep3.fastq.gz,,
mtsc_ezrmut_rnaseq_rna_1,Ens_102/STAR_101bp,mm10,single,rna,BSgenome.Mmusculus.UCSC.mm10,,mtsc_ezrmut_rna_combined,mtsc_ezrmut_rna_combined,,,mtsc_ezrmut_rnaseq_rna_1,mtsc_ezr_D1_td_single_tdbl,kd2200,3422,AAANK3FM5,CGATGT,none,fastq/mm10/rna_seq/mtsc_ezr_D1_td_single_tdbl.fastq.gz,/n/analysis/Zeitlinger/kd2200/MOLNG-3422/AAANK3FM5/n_*_1_CGATGT.fastq.gz,cat  /n/analysis/Zeitlinger/kd2200/MOLNG-3422/AAANK3FM5/n_*_1_CGATGT.fastq.gz > fastq/mm10/rna_seq/mtsc_ezr_D1_td_single_tdbl.fastq.gz,,
mtsc_ezrmut_rnaseq_rna_2,Ens_102/STAR_101bp,mm10,single,rna,BSgenome.Mmusculus.UCSC.mm10,,mtsc_ezrmut_rna_combined,mtsc_ezrmut_rna_combined,,,mtsc_ezrmut_rnaseq_rna_2,mtsc_ezr_D1_td_single_tdbl_rep2,kd2200,3443,AAAT23YM5,CGATGT,none,fastq/mm10/rna_seq/mtsc_ezr_D1_td_single_tdbl_rep2.fastq.gz,/n/analysis/Zeitlinger/kd2200/MOLNG-3443/AAAT23YM5/n_*_1_CGATGT.fastq.gz,cat  /n/analysis/Zeitlinger/kd2200/MOLNG-3443/AAAT23YM5/n_*_1_CGATGT.fastq.gz > fastq/mm10/rna_seq/mtsc_ezr_D1_td_single_tdbl_rep2.fastq.gz,,
mtsc_ezrmut_rnaseq_rna_3,Ens_102/STAR_101bp,mm10,single,rna,BSgenome.Mmusculus.UCSC.mm10,,mtsc_ezrmut_rna_combined,mtsc_ezrmut_rna_combined,,,mtsc_ezrmut_rnaseq_rna_3,mtsc_ezr_D1_td_single_tdbl_rep3,kd2200,3489,AAC377NM5,CGATGT,none,fastq/mm10/rna_seq/mtsc_ezr_D1_td_single_tdbl_rep3.fastq.gz,/n/analysis/Zeitlinger/kd2200/MOLNG-3489/AAC377NM5/n_*_1_CGATGT.fastq.gz,cat  /n/analysis/Zeitlinger/kd2200/MOLNG-3489/AAC377NM5/n_*_1_CGATGT.fastq.gz > fastq/mm10/rna_seq/mtsc_ezr_D1_td_single_tdbl_rep3.fastq.gz,,